video_frame,scene_state,traffic_light_state,displayed_targets,lead_car,pedestrian_1,pedestrian_2,lead_car_yolo_evidence,pedestrian_1_yolo_evidence,pedestrian_2_yolo_evidence
1,APPROACH_RED,Red,lead_car|pedestrian_1|pedestrian_2,1,1,1,1,0,0
2,APPROACH_RED,Red,lead_car|pedestrian_1|pedestrian_2,1,1,1,1,0,0
3,APPROACH_RED,Red,lead_car|pedestrian_1|pedestrian_2,1,1,1,1,0,0
4,APPROACH_RED,Red,lead_car|pedestrian_1|pedestrian_2,1,1,1,1,0,0
5,APPROACH_RED,Red,lead_car|pedestrian_1|pedestrian_2,1,1,1,1,0,0
6,APPROACH_RED,Red,lead_car|pedestrian_1|pedestrian_2,1,1,1,1,0,0
7,APPROACH_RED,Red,lead_car|pedestrian_1|pedestrian_2,1,1,1,1,0,0
8,APPROACH_RED,Red,lead_car|pedestrian_1|pedestrian_2,1,1,1,1,0,0
9,APPROACH_RED,Red,lead_car|pedestrian_1|pedestrian_2,1,1,1,1,0,0
10,APPROACH_RED,Red,lead_car|pedestrian_1|pedestrian_2,1,1,1,1,0,0
11,APPROACH_RED,Red,lead_car|pedestrian_1|pedestrian_2,1,1,1,1,0,0
12,APPROACH_RED,Red,lead_car|pedestrian_1|pedestrian_2,1,1,1,1,0,0
13,APPROACH_RED,Red,lead_car|pedestrian_1|pedestrian_2,1,1,1,0,0,0
14,APPROACH_RED,Red,lead_car|pedestrian_1|pedestrian_2,1,1,1,0,0,0
15,APPROACH_RED,Red,lead_car|pedestrian_1|pedestrian_2,1,1,1,1,0,0
16,APPROACH_RED,Red,lead_car|pedestrian_1|pedestrian_2,1,1,1,1,0,0
17,APPROACH_RED,Red,lead_car|pedestrian_1|pedestrian_2,1,1,1,0,0,0
18,APPROACH_RED,Red,lead_car|pedestrian_1|pedestrian_2,1,1,1,0,0,0
19,APPROACH_RED,Red,lead_car|pedestrian_1|pedestrian_2,1,1,1,0,0,0
20,APPROACH_RED,Red,lead_car|pedestrian_1|pedestrian_2,1,1,1,0,0,0
21,APPROACH_RED,Red,lead_car|pedestrian_1|pedestrian_2,1,1,1,0,0,0
22,APPROACH_RED,Red,lead_car|pedestrian_1|pedestrian_2,1,1,1,0,0,0
23,APPROACH_RED,Red,lead_car|pedestrian_1|pedestrian_2,1,1,1,0,0,0
24,APPROACH_RED,Red,lead_car|pedestrian_1|pedestrian_2,1,1,1,0,0,0
25,APPROACH_RED,Red,lead_car|pedestrian_1|pedestrian_2,1,1,1,1,1,1
26,APPROACH_RED,Red,lead_car|pedestrian_1|pedestrian_2,1,1,1,1,0,0
27,APPROACH_RED,Red,lead_car|pedestrian_1|pedestrian_2,1,1,1,1,1,1
28,APPROACH_RED,Red,lead_car|pedestrian_1,1,1,0,0,0,0
29,APPROACH_RED,Red,lead_car|pedestrian_1,1,1,0,0,0,0
30,APPROACH_RED,Red,lead_car|pedestrian_1,1,1,0,0,0,0
31,APPROACH_RED,Red,lead_car|pedestrian_1,1,1,0,0,0,0
32,APPROACH_RED,Red,lead_car,1,0,0,1,0,0
33,APPROACH_RED,Red,lead_car,1,0,0,1,0,0
34,APPROACH_RED,Red,lead_car,1,0,0,0,0,0
35,APPROACH_RED,Red,lead_car,1,0,0,1,0,0
36,APPROACH_RED,Red,lead_car,1,0,0,1,0,0
37,APPROACH_RED,Red,lead_car,1,0,0,1,0,0
38,APPROACH_RED,Red,lead_car,1,0,0,1,0,0
39,APPROACH_RED,Red,lead_car,1,0,0,1,0,0
40,APPROACH_RED,Red,lead_car,1,0,0,1,0,0
41,APPROACH_RED,Red,lead_car,1,0,0,1,0,0
42,APPROACH_RED,Red,lead_car,1,0,0,0,0,0
43,APPROACH_RED,Red,lead_car,1,0,0,0,0,0
44,APPROACH_RED,Red,lead_car,1,0,0,1,0,0
45,APPROACH_RED,Red,lead_car,1,0,0,0,0,0
46,APPROACH_RED,Red,lead_car,1,0,0,0,0,0
47,APPROACH_RED,Red,lead_car,1,0,0,1,0,0
48,APPROACH_RED,Red,lead_car,1,0,0,0,0,0
49,APPROACH_RED,Red,lead_car,1,0,0,1,0,0
50,APPROACH_RED,Red,lead_car,1,0,0,1,0,0
51,APPROACH_RED,Red,lead_car,1,0,0,0,0,0
52,APPROACH_RED,Red,lead_car,1,0,0,0,0,0
53,APPROACH_RED,Red,lead_car,1,0,0,0,0,0
54,APPROACH_RED,Red,lead_car,1,0,0,0,0,0
55,APPROACH_RED,Red,lead_car,1,0,0,1,0,0
56,APPROACH_RED,Red,lead_car,1,0,0,0,0,0
57,APPROACH_RED,Red,lead_car,1,0,0,1,0,0
58,APPROACH_RED,Red,lead_car,1,0,0,1,0,0
59,APPROACH_RED,Red,lead_car,1,0,0,0,0,0
60,APPROACH_RED,Red,lead_car,1,0,0,1,0,0
61,APPROACH_RED,Red,lead_car,1,0,0,1,0,0
62,APPROACH_RED,Red,lead_car,1,0,0,1,0,0
63,APPROACH_RED,Red,lead_car,1,0,0,1,0,0
64,APPROACH_RED,Red,lead_car,1,0,0,1,0,0
65,APPROACH_RED,Red,lead_car|pedestrian_1,1,1,0,1,0,0
66,APPROACH_RED,Red,lead_car|pedestrian_1|pedestrian_2,1,1,1,1,1,1
67,APPROACH_RED,Red,lead_car|pedestrian_1|pedestrian_2,1,1,1,1,0,0
68,APPROACH_RED,Red,lead_car|pedestrian_1|pedestrian_2,1,1,1,1,0,0
69,APPROACH_RED,Red,lead_car|pedestrian_1|pedestrian_2,1,1,1,1,0,1
70,APPROACH_RED,Red,lead_car|pedestrian_1|pedestrian_2,1,1,1,1,0,0
71,APPROACH_RED,Red,lead_car|pedestrian_1|pedestrian_2,1,1,1,1,1,1
72,APPROACH_RED,Red,lead_car|pedestrian_1|pedestrian_2,1,1,1,1,1,1
73,APPROACH_RED,Red,lead_car|pedestrian_1|pedestrian_2,1,1,1,0,0,1
74,APPROACH_RED,Red,lead_car|pedestrian_1|pedestrian_2,1,1,1,0,1,1
75,APPROACH_RED,Red,lead_car|pedestrian_1|pedestrian_2,1,1,1,1,1,1
76,APPROACH_RED,Red,lead_car|pedestrian_1|pedestrian_2,1,1,1,1,0,0
77,APPROACH_RED,Red,lead_car|pedestrian_1|pedestrian_2,1,1,1,1,0,0
78,APPROACH_RED,Red,lead_car|pedestrian_1|pedestrian_2,1,1,1,0,0,0
79,APPROACH_RED,Red,lead_car|pedestrian_1|pedestrian_2,1,1,1,1,0,0
80,APPROACH_RED,Red,lead_car|pedestrian_1|pedestrian_2,1,1,1,1,0,0
81,APPROACH_RED,Red,lead_car|pedestrian_1|pedestrian_2,1,1,1,1,0,0
82,APPROACH_RED,Red,lead_car|pedestrian_1|pedestrian_2,1,1,1,1,0,0
83,APPROACH_RED,Red,lead_car|pedestrian_1|pedestrian_2,1,1,1,1,0,0
84,APPROACH_RED,Red,lead_car|pedestrian_1|pedestrian_2,1,1,1,1,0,0
85,APPROACH_RED,Red,lead_car|pedestrian_1|pedestrian_2,1,1,1,1,0,0
86,APPROACH_RED,Red,lead_car|pedestrian_1|pedestrian_2,1,1,1,1,0,0
87,APPROACH_RED,Red,lead_car|pedestrian_1|pedestrian_2,1,1,1,1,0,0
88,APPROACH_RED,Red,lead_car|pedestrian_1|pedestrian_2,1,1,1,1,0,0
89,APPROACH_RED,Red,lead_car|pedestrian_1|pedestrian_2,1,1,1,1,0,0
90,APPROACH_RED,Red,lead_car|pedestrian_1|pedestrian_2,1,1,1,1,0,0
91,APPROACH_RED,Red,lead_car|pedestrian_1|pedestrian_2,1,1,1,1,0,0
92,APPROACH_RED,Red,lead_car|pedestrian_1|pedestrian_2,1,1,1,1,0,0
93,APPROACH_RED,Red,lead_car|pedestrian_1|pedestrian_2,1,1,1,1,0,0
94,APPROACH_RED,Red,lead_car|pedestrian_1|pedestrian_2,1,1,1,1,0,0
95,APPROACH_RED,Red,lead_car|pedestrian_1|pedestrian_2,1,1,1,1,0,0
96,APPROACH_RED,Red,lead_car|pedestrian_1|pedestrian_2,1,1,1,1,0,0
97,APPROACH_RED,Red,lead_car|pedestrian_1|pedestrian_2,1,1,1,1,0,0
98,APPROACH_RED,Red,lead_car|pedestrian_1|pedestrian_2,1,1,1,1,0,0
99,APPROACH_RED,Red,lead_car|pedestrian_1|pedestrian_2,1,1,1,1,1,0
100,APPROACH_RED,Red,lead_car|pedestrian_1|pedestrian_2,1,1,1,1,0,0
101,APPROACH_RED,Red,lead_car|pedestrian_1|pedestrian_2,1,1,1,1,0,0
102,APPROACH_RED,Red,lead_car|pedestrian_1|pedestrian_2,1,1,1,1,0,0
103,APPROACH_RED,Red,lead_car|pedestrian_1|pedestrian_2,1,1,1,1,0,0
104,APPROACH_RED,Red,lead_car|pedestrian_1|pedestrian_2,1,1,1,1,0,0
105,APPROACH_RED,Red,lead_car|pedestrian_1|pedestrian_2,1,1,1,1,0,0
106,APPROACH_RED,Red,lead_car|pedestrian_1|pedestrian_2,1,1,1,1,0,0
107,APPROACH_RED,Red,lead_car|pedestrian_1|pedestrian_2,1,1,1,1,0,0
108,APPROACH_RED,Red,lead_car|pedestrian_1|pedestrian_2,1,1,1,1,0,0
109,APPROACH_RED,Red,lead_car|pedestrian_1|pedestrian_2,1,1,1,1,0,0
110,APPROACH_RED,Red,lead_car|pedestrian_1|pedestrian_2,1,1,1,0,0,0
111,APPROACH_RED,Red,lead_car|pedestrian_1|pedestrian_2,1,1,1,1,0,0
112,APPROACH_RED,Red,lead_car|pedestrian_1|pedestrian_2,1,1,1,1,0,0
113,APPROACH_RED,Red,lead_car|pedestrian_1|pedestrian_2,1,1,1,1,0,0
114,APPROACH_RED,Red,lead_car|pedestrian_1|pedestrian_2,1,1,1,1,0,0
115,APPROACH_RED,Red,lead_car|pedestrian_1|pedestrian_2,1,1,1,1,0,0
116,APPROACH_RED,Red,lead_car|pedestrian_1|pedestrian_2,1,1,1,1,0,0
117,APPROACH_RED,Red,lead_car|pedestrian_1|pedestrian_2,1,1,1,1,0,0
118,APPROACH_RED,Red,lead_car|pedestrian_1|pedestrian_2,1,1,1,1,0,0
119,APPROACH_RED,Red,lead_car|pedestrian_1|pedestrian_2,1,1,1,1,0,0
120,APPROACH_RED,Red,lead_car|pedestrian_1|pedestrian_2,1,1,1,1,0,0
121,APPROACH_RED,Red,lead_car|pedestrian_1|pedestrian_2,1,1,1,1,0,0
122,APPROACH_RED,Red,lead_car|pedestrian_1|pedestrian_2,1,1,1,1,0,0
123,APPROACH_RED,Red,lead_car|pedestrian_1|pedestrian_2,1,1,1,1,0,0
124,APPROACH_RED,Red,lead_car|pedestrian_1|pedestrian_2,1,1,1,1,0,0
125,APPROACH_RED,Red,lead_car|pedestrian_1|pedestrian_2,1,1,1,1,0,0
126,APPROACH_RED,Red,lead_car|pedestrian_1|pedestrian_2,1,1,1,1,0,0
127,APPROACH_RED,Red,lead_car|pedestrian_1|pedestrian_2,1,1,1,1,0,0
128,APPROACH_RED,Red,lead_car|pedestrian_1|pedestrian_2,1,1,1,1,0,0
129,APPROACH_RED,Red,lead_car|pedestrian_1|pedestrian_2,1,1,1,1,0,0
130,APPROACH_RED,Red,lead_car|pedestrian_1|pedestrian_2,1,1,1,1,0,0
131,APPROACH_RED,Red,lead_car|pedestrian_1|pedestrian_2,1,1,1,1,0,0
132,APPROACH_RED,Red,lead_car|pedestrian_1|pedestrian_2,1,1,1,1,0,0
133,APPROACH_RED,Red,lead_car|pedestrian_1|pedestrian_2,1,1,1,1,0,0
134,APPROACH_RED,Red,lead_car|pedestrian_1|pedestrian_2,1,1,1,1,0,0
135,APPROACH_RED,Red,lead_car|pedestrian_1|pedestrian_2,1,1,1,1,0,0
136,APPROACH_RED,Red,lead_car|pedestrian_1|pedestrian_2,1,1,1,1,0,0
137,APPROACH_RED,Red,lead_car|pedestrian_1|pedestrian_2,1,1,1,1,0,0
138,APPROACH_RED,Red,lead_car|pedestrian_1|pedestrian_2,1,1,1,1,0,0
139,APPROACH_RED,Red,lead_car|pedestrian_1|pedestrian_2,1,1,1,1,0,0
140,APPROACH_RED,Red,lead_car|pedestrian_1|pedestrian_2,1,1,1,1,0,0
141,APPROACH_RED,Red,lead_car|pedestrian_1|pedestrian_2,1,1,1,1,0,0
142,APPROACH_RED,Red,lead_car|pedestrian_1|pedestrian_2,1,1,1,1,0,0
143,APPROACH_RED,Red,lead_car|pedestrian_1|pedestrian_2,1,1,1,1,1,0
144,APPROACH_RED,Red,lead_car|pedestrian_1|pedestrian_2,1,1,1,1,0,1
145,APPROACH_RED,Red,lead_car|pedestrian_1|pedestrian_2,1,1,1,1,0,0
146,APPROACH_RED,Red,lead_car|pedestrian_1|pedestrian_2,1,1,1,1,0,0
147,APPROACH_RED,Red,lead_car|pedestrian_1|pedestrian_2,1,1,1,1,0,0
148,APPROACH_RED,Red,lead_car|pedestrian_1|pedestrian_2,1,1,1,1,0,0
149,APPROACH_RED,Red,lead_car|pedestrian_1|pedestrian_2,1,1,1,1,0,0
150,APPROACH_RED,Red,lead_car|pedestrian_1|pedestrian_2,1,1,1,1,0,0
151,APPROACH_RED,Red,lead_car|pedestrian_1|pedestrian_2,1,1,1,1,0,0
152,APPROACH_RED,Red,lead_car|pedestrian_1|pedestrian_2,1,1,1,1,0,0
153,APPROACH_RED,Red,lead_car|pedestrian_1|pedestrian_2,1,1,1,1,1,1
154,APPROACH_RED,Red,lead_car|pedestrian_1|pedestrian_2,1,1,1,1,1,1
155,APPROACH_RED,Red,lead_car|pedestrian_1|pedestrian_2,1,1,1,1,1,1
156,APPROACH_RED,Red,lead_car|pedestrian_1|pedestrian_2,1,1,1,1,1,0
157,APPROACH_RED,Red,lead_car|pedestrian_1|pedestrian_2,1,1,1,1,0,0
158,APPROACH_RED,Red,lead_car|pedestrian_1|pedestrian_2,1,1,1,0,1,1
159,APPROACH_RED,Red,lead_car|pedestrian_1|pedestrian_2,1,1,1,0,1,0
160,APPROACH_RED,Red,lead_car|pedestrian_1|pedestrian_2,1,1,1,0,1,0
161,PEDESTRIAN_CROSSING,Red,lead_car|pedestrian_1|pedestrian_2,1,1,1,1,1,1
162,PEDESTRIAN_CROSSING,Red,lead_car|pedestrian_1|pedestrian_2,1,1,1,1,1,0
163,PEDESTRIAN_CROSSING,Red,lead_car|pedestrian_1|pedestrian_2,1,1,1,1,1,0
164,PEDESTRIAN_CROSSING,Red,lead_car|pedestrian_1|pedestrian_2,1,1,1,0,1,0
165,PEDESTRIAN_CROSSING,Red,lead_car|pedestrian_1|pedestrian_2,1,1,1,0,1,0
166,PEDESTRIAN_CROSSING,Red,lead_car|pedestrian_1|pedestrian_2,1,1,1,0,0,0
167,PEDESTRIAN_CROSSING,Red,lead_car|pedestrian_1|pedestrian_2,1,1,1,0,0,0
168,PEDESTRIAN_CROSSING,Red,lead_car|pedestrian_1|pedestrian_2,1,1,1,0,0,0
169,PEDESTRIAN_CROSSING,Red,lead_car|pedestrian_1|pedestrian_2,1,1,1,0,0,0
170,PEDESTRIAN_CROSSING,Red,lead_car|pedestrian_1|pedestrian_2,1,1,1,1,0,0
171,PEDESTRIAN_CROSSING,Red,lead_car|pedestrian_1|pedestrian_2,1,1,1,0,0,0
172,PEDESTRIAN_CROSSING,Red,lead_car|pedestrian_1|pedestrian_2,1,1,1,0,0,0
173,PEDESTRIAN_CROSSING,Red,lead_car|pedestrian_1|pedestrian_2,1,1,1,0,0,0
174,PEDESTRIAN_CROSSING,Red,lead_car|pedestrian_1|pedestrian_2,1,1,1,0,0,0
175,PEDESTRIAN_CROSSING,Red,lead_car|pedestrian_1|pedestrian_2,1,1,1,1,1,1
176,PEDESTRIAN_CROSSING,Red,lead_car|pedestrian_1|pedestrian_2,1,1,1,1,1,1
177,PEDESTRIAN_CROSSING,Red,lead_car|pedestrian_1|pedestrian_2,1,1,1,1,0,0
178,PEDESTRIAN_CROSSING,Red,lead_car|pedestrian_1|pedestrian_2,1,1,1,1,0,0
179,PEDESTRIAN_CROSSING,Red,lead_car|pedestrian_1|pedestrian_2,1,1,1,1,0,0
180,PEDESTRIAN_CROSSING,Red,lead_car|pedestrian_1|pedestrian_2,1,1,1,1,0,1
181,PEDESTRIAN_CROSSING,Red,lead_car|pedestrian_1|pedestrian_2,1,1,1,1,1,1
182,PEDESTRIAN_CROSSING,Red,lead_car|pedestrian_1|pedestrian_2,1,1,1,1,0,1
183,PEDESTRIAN_CROSSING,Red,lead_car|pedestrian_1|pedestrian_2,1,1,1,1,0,1
184,PEDESTRIAN_CROSSING,Red,lead_car|pedestrian_1|pedestrian_2,1,1,1,1,0,0
185,PEDESTRIAN_CROSSING,Red,lead_car|pedestrian_1|pedestrian_2,1,1,1,1,1,1
186,PEDESTRIAN_CROSSING,Red,lead_car|pedestrian_1|pedestrian_2,1,1,1,1,1,1
187,PEDESTRIAN_CROSSING,Red,lead_car|pedestrian_1|pedestrian_2,1,1,1,1,0,0
188,PEDESTRIAN_CROSSING,Red,lead_car|pedestrian_1|pedestrian_2,1,1,1,1,1,1
189,PEDESTRIAN_CROSSING,Red,lead_car|pedestrian_1|pedestrian_2,1,1,1,1,1,1
190,PEDESTRIAN_CROSSING,Red,lead_car|pedestrian_1|pedestrian_2,1,1,1,1,0,0
191,PEDESTRIAN_CROSSING,Red,lead_car|pedestrian_1|pedestrian_2,1,1,1,1,0,0
192,PEDESTRIAN_CROSSING,Red,lead_car|pedestrian_1|pedestrian_2,1,1,1,1,0,0
193,PEDESTRIAN_CROSSING,Red,lead_car|pedestrian_1|pedestrian_2,1,1,1,0,0,0
194,PEDESTRIAN_CROSSING,Red,lead_car|pedestrian_1|pedestrian_2,1,1,1,0,0,0
195,PEDESTRIAN_CROSSING,Red,lead_car|pedestrian_1|pedestrian_2,1,1,1,0,0,0
196,PEDESTRIAN_CROSSING,Red,lead_car|pedestrian_1|pedestrian_2,1,1,1,0,0,0
197,PEDESTRIAN_CROSSING,Red,lead_car|pedestrian_1|pedestrian_2,1,1,1,0,1,1
198,PEDESTRIAN_CROSSING,Red,lead_car|pedestrian_1|pedestrian_2,1,1,1,0,0,0
199,PEDESTRIAN_CROSSING,Red,lead_car|pedestrian_1|pedestrian_2,1,1,1,0,1,1
200,PEDESTRIAN_CROSSING,Red,lead_car|pedestrian_1|pedestrian_2,1,1,1,0,0,0
201,PEDESTRIAN_CROSSING,Red,lead_car|pedestrian_1|pedestrian_2,1,1,1,0,0,0
202,PEDESTRIAN_CROSSING,Red,lead_car|pedestrian_1|pedestrian_2,1,1,1,0,0,0
203,PEDESTRIAN_CROSSING,Red,lead_car|pedestrian_1|pedestrian_2,1,1,1,0,0,0
204,PEDESTRIAN_CROSSING,Red,lead_car|pedestrian_1|pedestrian_2,1,1,1,0,0,0
205,PEDESTRIAN_CROSSING,Red,lead_car|pedestrian_1|pedestrian_2,1,1,1,0,1,0
206,PEDESTRIAN_CROSSING,Red,lead_car|pedestrian_1|pedestrian_2,1,1,1,1,0,0
207,PEDESTRIAN_CROSSING,Red,lead_car|pedestrian_1|pedestrian_2,1,1,1,1,1,0
208,PEDESTRIAN_CROSSING,Red,lead_car|pedestrian_1|pedestrian_2,1,1,1,1,0,0
209,PEDESTRIAN_CROSSING,Red,lead_car|pedestrian_1|pedestrian_2,1,1,1,1,0,0
210,PEDESTRIAN_CROSSING,Red,lead_car|pedestrian_1|pedestrian_2,1,1,1,1,0,0
211,PEDESTRIAN_CROSSING,Red,lead_car|pedestrian_1|pedestrian_2,1,1,1,1,0,0
212,PEDESTRIAN_CROSSING,Red,lead_car|pedestrian_1|pedestrian_2,1,1,1,1,0,0
213,PEDESTRIAN_CROSSING,Red,lead_car|pedestrian_1|pedestrian_2,1,1,1,1,0,0
214,PEDESTRIAN_CROSSING,Red,lead_car|pedestrian_1|pedestrian_2,1,1,1,1,0,0
215,PEDESTRIAN_CROSSING,Red,lead_car|pedestrian_1|pedestrian_2,1,1,1,1,0,0
216,PEDESTRIAN_CROSSING,Red,lead_car|pedestrian_1|pedestrian_2,1,1,1,1,1,1
217,PEDESTRIAN_CROSSING,Red,lead_car|pedestrian_1|pedestrian_2,1,1,1,0,0,0
218,PEDESTRIAN_CROSSING,Red,lead_car|pedestrian_1|pedestrian_2,1,1,1,0,0,0
219,PEDESTRIAN_CROSSING,Red,lead_car|pedestrian_1|pedestrian_2,1,1,1,0,0,0
220,PEDESTRIAN_CROSSING,Red,lead_car|pedestrian_1|pedestrian_2,1,1,1,1,0,0
221,PEDESTRIAN_CROSSING,Red,lead_car|pedestrian_1|pedestrian_2,1,1,1,1,0,0
222,PEDESTRIAN_CROSSING,Red,lead_car|pedestrian_1|pedestrian_2,1,1,1,1,0,0
223,PEDESTRIAN_CROSSING,Red,lead_car|pedestrian_1|pedestrian_2,1,1,1,1,1,0
224,PEDESTRIAN_CROSSING,Red,lead_car|pedestrian_1|pedestrian_2,1,1,1,1,0,0
225,PEDESTRIAN_CROSSING,Red,lead_car|pedestrian_1|pedestrian_2,1,1,1,0,0,0
226,PEDESTRIAN_CROSSING,Red,lead_car|pedestrian_1|pedestrian_2,1,1,1,0,0,0
227,PEDESTRIAN_CROSSING,Red,lead_car|pedestrian_1|pedestrian_2,1,1,1,1,0,0
228,PEDESTRIAN_CROSSING,Red,lead_car|pedestrian_1|pedestrian_2,1,1,1,0,0,0
229,PEDESTRIAN_CROSSING,Red,lead_car|pedestrian_1|pedestrian_2,1,1,1,1,0,0
230,PEDESTRIAN_CROSSING,Red,lead_car|pedestrian_1|pedestrian_2,1,1,1,0,0,0
231,PEDESTRIAN_CROSSING,Red,lead_car|pedestrian_1|pedestrian_2,1,1,1,0,1,0
232,PEDESTRIAN_CROSSING,Red,lead_car|pedestrian_1|pedestrian_2,1,1,1,1,0,0
233,PEDESTRIAN_CROSSING,Red,lead_car|pedestrian_1|pedestrian_2,1,1,1,1,0,0
234,PEDESTRIAN_CROSSING,Red,lead_car|pedestrian_1|pedestrian_2,1,1,1,1,1,0
235,PEDESTRIAN_CROSSING,Red,lead_car|pedestrian_1|pedestrian_2,1,1,1,1,1,0
236,PEDESTRIAN_CROSSING,Red,lead_car|pedestrian_1|pedestrian_2,1,1,1,1,0,0
237,PEDESTRIAN_CROSSING,Red,lead_car|pedestrian_1|pedestrian_2,1,1,1,1,0,0
238,PEDESTRIAN_CROSSING,Red,lead_car|pedestrian_1|pedestrian_2,1,1,1,1,0,0
239,PEDESTRIAN_CROSSING,Red,lead_car|pedestrian_1|pedestrian_2,1,1,1,1,0,0
240,PEDESTRIAN_CROSSING,Red,lead_car|pedestrian_1|pedestrian_2,1,1,1,1,1,0
241,PEDESTRIAN_CROSSING,Red,lead_car|pedestrian_1|pedestrian_2,1,1,1,1,0,0
242,PEDESTRIAN_CROSSING,Red,lead_car|pedestrian_1|pedestrian_2,1,1,1,1,1,0
243,PEDESTRIAN_CROSSING,Red,lead_car|pedestrian_1|pedestrian_2,1,1,1,1,1,0
244,PEDESTRIAN_CROSSING,Red,lead_car|pedestrian_1|pedestrian_2,1,1,1,0,1,0
245,PEDESTRIAN_CROSSING,Red,lead_car|pedestrian_1|pedestrian_2,1,1,1,1,1,0
246,PEDESTRIAN_CROSSING,Red,lead_car|pedestrian_1|pedestrian_2,1,1,1,1,1,0
247,PEDESTRIAN_CROSSING,Red,lead_car|pedestrian_1|pedestrian_2,1,1,1,0,0,0
248,PEDESTRIAN_CROSSING,Red,lead_car|pedestrian_1|pedestrian_2,1,1,1,1,1,0
249,PEDESTRIAN_CROSSING,Red,lead_car|pedestrian_1|pedestrian_2,1,1,1,1,0,0
250,PEDESTRIAN_CROSSING,Red,lead_car|pedestrian_1|pedestrian_2,1,1,1,0,0,0
251,PEDESTRIAN_CROSSING,Red,lead_car|pedestrian_1|pedestrian_2,1,1,1,0,1,1
252,PEDESTRIAN_CROSSING,Red,lead_car|pedestrian_1|pedestrian_2,1,1,1,0,1,0
253,PEDESTRIAN_CROSSING,Red,lead_car|pedestrian_1|pedestrian_2,1,1,1,1,1,1
254,PEDESTRIAN_CROSSING,Red,lead_car|pedestrian_1|pedestrian_2,1,1,1,1,1,0
255,PEDESTRIAN_CROSSING,Red,lead_car|pedestrian_1|pedestrian_2,1,1,1,1,0,0
256,PEDESTRIAN_CROSSING,Red,lead_car|pedestrian_1|pedestrian_2,1,1,1,1,1,0
257,PEDESTRIAN_CROSSING,Red,lead_car|pedestrian_1|pedestrian_2,1,1,1,1,0,0
258,PEDESTRIAN_CROSSING,Red,lead_car|pedestrian_1|pedestrian_2,1,1,1,1,0,0
259,PEDESTRIAN_CROSSING,Red,lead_car|pedestrian_1|pedestrian_2,1,1,1,1,1,1
260,PEDESTRIAN_CROSSING,Red,lead_car|pedestrian_1|pedestrian_2,1,1,1,1,0,0
261,PEDESTRIAN_CROSSING,Red,lead_car|pedestrian_1|pedestrian_2,1,1,1,0,1,0
262,PEDESTRIAN_CROSSING,Red,lead_car|pedestrian_1|pedestrian_2,1,1,1,0,1,1
263,PEDESTRIAN_CROSSING,Red,lead_car|pedestrian_1|pedestrian_2,1,1,1,0,1,1
264,PEDESTRIAN_CROSSING,Red,lead_car|pedestrian_1|pedestrian_2,1,1,1,0,1,0
265,PEDESTRIAN_CROSSING,Red,lead_car|pedestrian_1|pedestrian_2,1,1,1,1,1,0
266,PEDESTRIAN_CROSSING,Red,lead_car|pedestrian_1|pedestrian_2,1,1,1,0,1,0
267,PEDESTRIAN_CROSSING,Red,lead_car|pedestrian_1|pedestrian_2,1,1,1,0,1,0
268,PEDESTRIAN_CROSSING,Red,lead_car|pedestrian_1|pedestrian_2,1,1,1,0,1,0
269,PEDESTRIAN_CROSSING,Red,lead_car|pedestrian_1|pedestrian_2,1,1,1,0,0,0
270,PEDESTRIAN_CROSSING,Red,lead_car|pedestrian_1|pedestrian_2,1,1,1,0,1,0
271,PEDESTRIAN_CROSSING,Red,lead_car|pedestrian_1|pedestrian_2,1,1,1,0,1,1
272,PEDESTRIAN_CROSSING,Red,lead_car|pedestrian_1|pedestrian_2,1,1,1,1,1,1
273,PEDESTRIAN_CROSSING,Red,lead_car|pedestrian_1|pedestrian_2,1,1,1,0,1,0
274,GREEN_SETTLE,Green,lead_car|pedestrian_1|pedestrian_2,1,1,1,1,1,0
275,GREEN_SETTLE,Green,lead_car|pedestrian_1|pedestrian_2,1,1,1,0,1,0
276,GREEN_SETTLE,Green,lead_car|pedestrian_1|pedestrian_2,1,1,1,0,1,1
277,GREEN_SETTLE,Green,lead_car|pedestrian_1|pedestrian_2,1,1,1,0,1,0
278,GREEN_SETTLE,Green,lead_car|pedestrian_1|pedestrian_2,1,1,1,0,0,0
279,GREEN_SETTLE,Green,lead_car|pedestrian_1|pedestrian_2,1,1,1,0,0,0
280,RELEASE_AND_SPLIT,Green,lead_car|pedestrian_1|pedestrian_2,1,1,1,0,1,1
281,RELEASE_AND_SPLIT,Green,lead_car|pedestrian_1|pedestrian_2,1,1,1,0,0,0
282,RELEASE_AND_SPLIT,Green,lead_car|pedestrian_1|pedestrian_2,1,1,1,1,0,0
283,RELEASE_AND_SPLIT,Green,lead_car|pedestrian_1|pedestrian_2,1,1,1,1,0,0
284,RELEASE_AND_SPLIT,Green,lead_car|pedestrian_1|pedestrian_2,1,1,1,1,0,0
285,RELEASE_AND_SPLIT,Green,lead_car|pedestrian_1|pedestrian_2,1,1,1,0,0,0
286,RELEASE_AND_SPLIT,Green,lead_car|pedestrian_1|pedestrian_2,1,1,1,0,0,0
287,RELEASE_AND_SPLIT,Green,lead_car|pedestrian_1|pedestrian_2,1,1,1,0,0,0
288,RELEASE_AND_SPLIT,Green,lead_car|pedestrian_1|pedestrian_2,1,1,1,0,0,0
289,RELEASE_AND_SPLIT,Green,lead_car|pedestrian_1|pedestrian_2,1,1,1,1,1,1
290,RELEASE_AND_SPLIT,Green,lead_car|pedestrian_1|pedestrian_2,1,1,1,1,1,1
291,RELEASE_AND_SPLIT,Green,lead_car|pedestrian_1|pedestrian_2,1,1,1,1,1,0
292,RELEASE_AND_SPLIT,Green,lead_car|pedestrian_1|pedestrian_2,1,1,1,0,1,0
293,RELEASE_AND_SPLIT,Green,lead_car|pedestrian_1|pedestrian_2,1,1,1,0,0,0
294,RELEASE_AND_SPLIT,Green,lead_car|pedestrian_1|pedestrian_2,1,1,1,1,0,0
295,RELEASE_AND_SPLIT,Green,lead_car|pedestrian_1|pedestrian_2,1,1,1,0,0,0
296,RELEASE_AND_SPLIT,Green,lead_car|pedestrian_1|pedestrian_2,1,1,1,1,0,0
297,RELEASE_AND_SPLIT,Green,lead_car|pedestrian_1|pedestrian_2,1,1,1,1,1,0
298,RELEASE_AND_SPLIT,Green,lead_car|pedestrian_1|pedestrian_2,1,1,1,1,1,0
299,RELEASE_AND_SPLIT,Green,lead_car|pedestrian_1|pedestrian_2,1,1,1,1,0,0
300,RELEASE_AND_SPLIT,Green,lead_car|pedestrian_1|pedestrian_2,1,1,1,0,0,0
301,RELEASE_AND_SPLIT,Green,lead_car|pedestrian_1|pedestrian_2,1,1,1,0,0,0
302,RELEASE_AND_SPLIT,Green,lead_car|pedestrian_1|pedestrian_2,1,1,1,0,0,0
303,RELEASE_AND_SPLIT,Green,lead_car|pedestrian_1|pedestrian_2,1,1,1,0,0,0
304,RELEASE_AND_SPLIT,Green,lead_car|pedestrian_1|pedestrian_2,1,1,1,0,0,1
305,RELEASE_AND_SPLIT,Green,lead_car|pedestrian_1|pedestrian_2,1,1,1,0,1,0
306,RELEASE_AND_SPLIT,Green,lead_car|pedestrian_1|pedestrian_2,1,1,1,1,0,0
307,RELEASE_AND_SPLIT,Green,lead_car|pedestrian_1|pedestrian_2,1,1,1,1,0,1
308,RELEASE_AND_SPLIT,Green,lead_car|pedestrian_1|pedestrian_2,1,1,1,1,0,0
309,RELEASE_AND_SPLIT,Green,lead_car|pedestrian_1|pedestrian_2,1,1,1,1,0,1
310,RELEASE_AND_SPLIT,Green,lead_car|pedestrian_1|pedestrian_2,1,1,1,1,0,0
311,RELEASE_AND_SPLIT,Green,lead_car|pedestrian_1|pedestrian_2,1,1,1,1,0,0
312,RELEASE_AND_SPLIT,Green,lead_car|pedestrian_1|pedestrian_2,1,1,1,0,0,0
313,RELEASE_AND_SPLIT,Green,lead_car|pedestrian_1|pedestrian_2,1,1,1,0,1,0
314,RELEASE_AND_SPLIT,Green,lead_car|pedestrian_1|pedestrian_2,1,1,1,1,0,1
315,RELEASE_AND_SPLIT,Green,lead_car|pedestrian_1|pedestrian_2,1,1,1,0,0,0
316,RELEASE_AND_SPLIT,Green,lead_car|pedestrian_1|pedestrian_2,1,1,1,0,0,1
317,RELEASE_AND_SPLIT,Green,lead_car|pedestrian_1|pedestrian_2,1,1,1,0,1,0
318,RELEASE_AND_SPLIT,Green,lead_car|pedestrian_1|pedestrian_2,1,1,1,1,0,0
319,RELEASE_AND_SPLIT,Green,lead_car|pedestrian_1|pedestrian_2,1,1,1,1,0,0
320,RELEASE_AND_SPLIT,Green,lead_car|pedestrian_1|pedestrian_2,1,1,1,1,1,0
321,RELEASE_AND_SPLIT,Green,lead_car|pedestrian_1,1,1,0,1,0,0
322,RELEASE_AND_SPLIT,Green,lead_car|pedestrian_1,1,1,0,0,1,0
323,RELEASE_AND_SPLIT,Green,lead_car|pedestrian_1,1,1,0,1,1,0
324,RELEASE_AND_SPLIT,Green,lead_car|pedestrian_1,1,1,0,0,1,0
325,RELEASE_AND_SPLIT,Green,lead_car|pedestrian_1,1,1,0,0,0,0
326,RELEASE_AND_SPLIT,Green,lead_car|pedestrian_1,1,1,0,0,1,0
327,RELEASE_AND_SPLIT,Green,lead_car|pedestrian_1,1,1,0,1,1,0
328,RELEASE_AND_SPLIT,Green,lead_car|pedestrian_1,1,1,0,1,0,0
329,RELEASE_AND_SPLIT,Green,lead_car,1,0,0,1,0,0
330,RELEASE_AND_SPLIT,Green,lead_car,1,0,0,1,0,0
331,RELEASE_AND_SPLIT,Green,lead_car,1,0,0,1,0,0
332,RELEASE_AND_SPLIT,Green,lead_car,1,0,0,1,0,0
333,RELEASE_AND_SPLIT,Green,lead_car,1,0,0,1,0,0
334,RELEASE_AND_SPLIT,Green,lead_car,1,0,0,1,0,0
335,RELEASE_AND_SPLIT,Green,lead_car,1,0,0,1,0,0
336,RELEASE_AND_SPLIT,Green,lead_car,1,0,0,1,0,0
337,RELEASE_AND_SPLIT,Green,lead_car,1,0,0,0,0,0
338,RELEASE_AND_SPLIT,Green,lead_car,1,0,0,1,0,0
339,RELEASE_AND_SPLIT,Green,lead_car,1,0,0,1,0,0
340,RELEASE_AND_SPLIT,Green,lead_car,1,0,0,1,0,0
341,RELEASE_AND_SPLIT,Green,lead_car,1,0,0,1,0,0
342,RELEASE_AND_SPLIT,Green,lead_car,1,0,0,1,0,0
343,RELEASE_AND_SPLIT,Green,lead_car,1,0,0,1,0,0
344,RELEASE_AND_SPLIT,Green,lead_car,1,0,0,1,0,0
345,RELEASE_AND_SPLIT,Green,lead_car,1,0,0,1,0,0
346,RELEASE_AND_SPLIT,Green,lead_car,1,0,0,1,0,0
347,RELEASE_AND_SPLIT,Green,lead_car,1,0,0,1,0,0
348,RELEASE_AND_SPLIT,Green,lead_car,1,0,0,1,0,0
349,RELEASE_AND_SPLIT,Green,lead_car,1,0,0,1,0,0
350,RELEASE_AND_SPLIT,Green,lead_car,1,0,0,1,0,0
351,RELEASE_AND_SPLIT,Green,lead_car,1,0,0,1,0,0
352,RELEASE_AND_SPLIT,Green,lead_car,1,0,0,1,0,0
353,RELEASE_AND_SPLIT,Green,lead_car,1,0,0,0,0,0
354,RELEASE_AND_SPLIT,Green,lead_car,1,0,0,1,0,0
355,RELEASE_AND_SPLIT,Green,lead_car,1,0,0,1,0,0
356,RELEASE_AND_SPLIT,Green,,0,0,0,0,0,0
357,RELEASE_AND_SPLIT,Green,,0,0,0,0,0,0
358,RELEASE_AND_SPLIT,Green,,0,0,0,0,0,0
359,RELEASE_AND_SPLIT,Green,,0,0,0,0,0,0
360,RELEASE_AND_SPLIT,Green,,0,0,0,0,0,0
361,RELEASE_AND_SPLIT,Green,,0,0,0,0,0,0
362,RELEASE_AND_SPLIT,Green,,0,0,0,0,0,0
363,RELEASE_AND_SPLIT,Green,,0,0,0,0,0,0
364,RELEASE_AND_SPLIT,Green,,0,0,0,0,0,0
365,RELEASE_AND_SPLIT,Green,,0,0,0,0,0,0
366,RELEASE_AND_SPLIT,Green,,0,0,0,0,0,0
367,RELEASE_AND_SPLIT,Green,,0,0,0,0,0,0
368,RELEASE_AND_SPLIT,Green,,0,0,0,0,0,0
369,RELEASE_AND_SPLIT,Green,,0,0,0,0,0,0
370,RELEASE_AND_SPLIT,Green,,0,0,0,0,0,0
371,RELEASE_AND_SPLIT,Green,,0,0,0,0,0,0
372,RELEASE_AND_SPLIT,Green,,0,0,0,0,0,0
373,RELEASE_AND_SPLIT,Green,,0,0,0,0,0,0
374,RELEASE_AND_SPLIT,Green,,0,0,0,0,0,0
375,RELEASE_AND_SPLIT,Green,,0,0,0,0,0,0
376,RELEASE_AND_SPLIT,Green,,0,0,0,0,0,0
377,RELEASE_AND_SPLIT,Green,,0,0,0,0,0,0
378,RELEASE_AND_SPLIT,Green,,0,0,0,0,0,0
379,RELEASE_AND_SPLIT,Green,,0,0,0,0,0,0
380,RELEASE_AND_SPLIT,Green,,0,0,0,0,0,0
381,RELEASE_AND_SPLIT,Green,,0,0,0,0,0,0
382,RELEASE_AND_SPLIT,Green,,0,0,0,0,0,0
383,RELEASE_AND_SPLIT,Green,,0,0,0,0,0,0
384,RELEASE_AND_SPLIT,Green,,0,0,0,0,0,0
385,RELEASE_AND_SPLIT,Green,,0,0,0,0,0,0
386,RELEASE_AND_SPLIT,Green,,0,0,0,0,0,0
387,RELEASE_AND_SPLIT,Green,,0,0,0,0,0,0
388,RELEASE_AND_SPLIT,Green,,0,0,0,0,0,0
389,RELEASE_AND_SPLIT,Green,,0,0,0,0,0,0
390,RELEASE_AND_SPLIT,Green,,0,0,0,0,0,0
391,RELEASE_AND_SPLIT,Green,,0,0,0,0,0,0
392,RELEASE_AND_SPLIT,Green,,0,0,0,0,0,0
393,RELEASE_AND_SPLIT,Green,,0,0,0,0,0,0
394,RELEASE_AND_SPLIT,Green,,0,0,0,0,0,0
395,RELEASE_AND_SPLIT,Green,,0,0,0,0,0,0
396,RELEASE_AND_SPLIT,Green,,0,0,0,0,0,0
397,RELEASE_AND_SPLIT,Green,,0,0,0,0,0,0
398,RELEASE_AND_SPLIT,Green,,0,0,0,0,0,0
399,RELEASE_AND_SPLIT,Green,,0,0,0,0,0,0
400,RELEASE_AND_SPLIT,Green,,0,0,0,0,0,0
401,RELEASE_AND_SPLIT,Green,,0,0,0,0,0,0
402,RELEASE_AND_SPLIT,Green,,0,0,0,0,0,0
403,RELEASE_AND_SPLIT,Green,,0,0,0,0,0,0
404,RELEASE_AND_SPLIT,Green,,0,0,0,0,0,0
405,RELEASE_AND_SPLIT,Green,,0,0,0,0,0,0
